tool	instance	measure	value	seconds	status
balancedgo	berge_path	hw_detk_exact	1	0.02	[exit 0]
balancedgo	berge_path	hw_detk_exact_pace	1	0.01	[exit 0]
logk	berge_path	hw_exact	1	0.02	[exit 0]
balancedgo	berge_path	ghw_global_k1	1	0.01	[exit 0]
ndk	berge_path	hw_detk_k1	yes	0.01	[exit 0]
ndk	berge_path	ghw_balsep_k1	yes	0.01	[exit 0]
ndk	berge_path	stats	?	0.01	[exit 0]
detk1	berge_path	hw_k3	yes	0.01	[exit 0]
htd	berge_path	tw	1	0.01	[exit 0]
htd	berge_path	ghw_ub	1	0.01	[exit 0]
htdleo	berge_path	hw	1	0.30	[exit 0]
htdleo	berge_path	ghw	1	0.25	[exit 0]
htdsmt	berge_path	hw	1	0.26	[exit 0]
frasmt	berge_path	fhw	1	0.27	[exit 0]
balancedgo	b_triangle	hw_detk_exact	2	0.01	[exit 0]
balancedgo	b_triangle	hw_detk_exact_pace	2	0.01	[exit 0]
logk	b_triangle	hw_exact	2	0.01	[exit 0]
balancedgo	b_triangle	ghw_global_k1	no	0.01	[exit 0]
balancedgo	b_triangle	ghw_global_k2	2	0.01	[exit 0]
ndk	b_triangle	hw_detk_k1	no	0.01	[exit 0]
ndk	b_triangle	hw_detk_k2	yes	0.01	[exit 0]
ndk	b_triangle	ghw_balsep_k1	no	0.01	[exit 0]
ndk	b_triangle	ghw_balsep_k2	yes	0.01	[exit 0]
ndk	b_triangle	stats	?	0.01	[exit 0]
detk1	b_triangle	hw_k3	yes	0.01	[exit 0]
htd	b_triangle	tw	2	0.01	[exit 0]
htd	b_triangle	ghw_ub	2	0.01	[exit 0]
htdleo	b_triangle	hw	2	0.24	[exit 0]
htdleo	b_triangle	ghw	2	0.25	[exit 0]
htdsmt	b_triangle	hw	2	0.22	[exit 0]
frasmt	b_triangle	fhw	1.5	0.29	[exit 0]
balancedgo	a_triangle_cover	hw_detk_exact	1	0.01	[exit 0]
balancedgo	a_triangle_cover	hw_detk_exact_pace	1	0.01	[exit 0]
logk	a_triangle_cover	hw_exact	1	0.01	[exit 0]
balancedgo	a_triangle_cover	ghw_global_k1	1	0.01	[exit 0]
ndk	a_triangle_cover	hw_detk_k1	yes	0.01	[exit 0]
ndk	a_triangle_cover	ghw_balsep_k1	yes	0.01	[exit 0]
ndk	a_triangle_cover	stats	?	0.01	[exit 0]
detk1	a_triangle_cover	hw_k3	yes	0.01	[exit 0]
htd	a_triangle_cover	tw	2	0.01	[exit 0]
htd	a_triangle_cover	ghw_ub	1	0.01	[exit 0]
htdleo	a_triangle_cover	hw	1	0.26	[exit 0]
htdleo	a_triangle_cover	ghw	1	0.28	[exit 0]
htdsmt	a_triangle_cover	hw	1	0.25	[exit 0]
frasmt	a_triangle_cover	fhw	1	0.29	[exit 0]
balancedgo	berge_triangle	hw_detk_exact	1	0.02	[exit 0]
balancedgo	berge_triangle	hw_detk_exact_pace	1	0.01	[exit 0]
logk	berge_triangle	hw_exact	1	0.01	[exit 0]
balancedgo	berge_triangle	ghw_global_k1	1	0.01	[exit 0]
ndk	berge_triangle	hw_detk_k1	yes	0.01	[exit 0]
ndk	berge_triangle	ghw_balsep_k1	yes	0.01	[exit 0]
ndk	berge_triangle	stats	?	0.01	[exit 0]
detk1	berge_triangle	hw_k3	yes	0.01	[exit 0]
htd	berge_triangle	tw	2	0.01	[exit 0]
htd	berge_triangle	ghw_ub	1	0.01	[exit 0]
htdleo	berge_triangle	hw	1	0.27	[exit 0]
htdleo	berge_triangle	ghw	1	0.29	[exit 0]
htdsmt	berge_triangle	hw	1	0.24	[exit 0]
frasmt	berge_triangle	fhw	1	0.29	[exit 0]
balancedgo	gamma_triangle	hw_detk_exact	1	0.01	[exit 0]
balancedgo	gamma_triangle	hw_detk_exact_pace	1	0.01	[exit 0]
logk	gamma_triangle	hw_exact	1	0.01	[exit 0]
balancedgo	gamma_triangle	ghw_global_k1	1	0.01	[exit 0]
ndk	gamma_triangle	hw_detk_k1	yes	0.01	[exit 0]
ndk	gamma_triangle	ghw_balsep_k1	yes	0.01	[exit 0]
ndk	gamma_triangle	stats	?	0.01	[exit 0]
detk1	gamma_triangle	hw_k3	yes	0.01	[exit 0]
htd	gamma_triangle	tw	2	0.01	[exit 0]
htd	gamma_triangle	ghw_ub	1	0.01	[exit 0]
htdleo	gamma_triangle	hw	1	0.29	[exit 0]
htdleo	gamma_triangle	ghw	1	0.26	[exit 0]
htdsmt	gamma_triangle	hw	1	0.23	[exit 0]
frasmt	gamma_triangle	fhw	1	0.29	[exit 0]
balancedgo	k5	hw_detk_exact	3	0.01	[exit 0]
balancedgo	k5	hw_detk_exact_pace	3	0.01	[exit 0]
logk	k5	hw_exact	3	0.01	[exit 0]
balancedgo	k5	ghw_global_k1	no	0.01	[exit 0]
balancedgo	k5	ghw_global_k2	no	3.63	[exit 0]
balancedgo	k5	ghw_global_k3	3	0.01	[exit 0]
ndk	k5	hw_detk_k1	no	0.01	[exit 0]
ndk	k5	hw_detk_k2	no	0.01	[exit 0]
ndk	k5	hw_detk_k3	yes	0.01	[exit 0]
ndk	k5	ghw_balsep_k1	no	0.01	[exit 0]
ndk	k5	ghw_balsep_k2	no	0.01	[exit 0]
ndk	k5	ghw_balsep_k3	yes	0.01	[exit 0]
ndk	k5	stats	?	0.01	[exit 0]
detk1	k5	hw_k3	yes	0.01	[exit 0]
htd	k5	tw	4	0.01	[exit 0]
htd	k5	ghw_ub	3	0.01	[exit 0]
htdleo	k5	hw	3	0.27	[exit 0]
htdleo	k5	ghw	3	0.27	[exit 0]
htdsmt	k5	hw	3	0.23	[exit 0]
frasmt	k5	fhw	2.5	0.30	[exit 0]
balancedgo	adler	hw_detk_exact	3	0.01	[exit 0]
balancedgo	adler	hw_detk_exact_pace	3	0.01	[exit 0]
logk	adler	hw_exact	3	0.01	[exit 0]
balancedgo	adler	ghw_global_k1	no	0.01	[exit 0]
balancedgo	adler	ghw_global_k2	2	5.92	[exit 0]
ndk	adler	hw_detk_k1	no	0.01	[exit 0]
ndk	adler	hw_detk_k2	no	0.01	[exit 0]
ndk	adler	hw_detk_k3	yes	0.01	[exit 0]
ndk	adler	ghw_balsep_k1	no	0.01	[exit 0]
ndk	adler	ghw_balsep_k2	yes	0.01	[exit 0]
ndk	adler	stats	?	0.01	[exit 0]
detk1	adler	hw_k3	yes	0.01	[exit 0]
htd	adler	tw	4	0.01	[exit 0]
htd	adler	ghw_ub	3	0.01	[exit 0]
htdleo	adler	hw	3	0.29	[exit 0]
htdleo	adler	ghw	2	0.26	[exit 0]
htdsmt	adler	hw	3	0.27	[exit 0]
frasmt	adler	fhw		0.39	[exit 1]
balancedgo	c_grid4	hw_detk_exact	3	0.02	[exit 0]
balancedgo	c_grid4	hw_detk_exact_pace	3	0.02	[exit 0]
logk	c_grid4	hw_exact	3	0.01	[exit 0]
balancedgo	c_grid4	ghw_global_k1	no	0.01	[exit 0]
balancedgo	c_grid4	ghw_global_k2	no	0.53	[exit 0]
balancedgo	c_grid4	ghw_global_k3	3	0.08	[exit 0]
ndk	c_grid4	hw_detk_k1	no	0.01	[exit 0]
ndk	c_grid4	hw_detk_k2	no	0.02	[exit 0]
ndk	c_grid4	hw_detk_k3	yes	0.01	[exit 0]
ndk	c_grid4	ghw_balsep_k1	no	0.01	[exit 0]
ndk	c_grid4	ghw_balsep_k2	no	0.04	[exit 0]
ndk	c_grid4	ghw_balsep_k3	yes	0.16	[exit 0]
ndk	c_grid4	stats	?	0.01	[exit 0]
detk1	c_grid4	hw_k3	yes	0.01	[exit 0]
htd	c_grid4	tw	4	0.01	[exit 0]
htd	c_grid4	ghw_ub	4	0.01	[exit 0]
htdleo	c_grid4	hw	3	0.42	[exit 0]
htdleo	c_grid4	ghw	3	0.35	[exit 0]
htdsmt	c_grid4	hw	3	0.37	[exit 0]
frasmt	c_grid4	fhw		0.32	[exit 1]
balancedgo	grohe_marx_3	hw_detk_exact	3	0.01	[exit 0]
balancedgo	grohe_marx_3	hw_detk_exact_pace	3	0.01	[exit 0]
logk	grohe_marx_3	hw_exact	3	0.01	[exit 0]
balancedgo	grohe_marx_3	ghw_global_k1	no	0.01	[exit 0]
balancedgo	grohe_marx_3	ghw_global_k2	no	300.01	[exit 124]
balancedgo	grohe_marx_3	ghw_global_k3	no	300.02	[exit 124]
ndk	grohe_marx_3	hw_detk_k1	no	0.01	[exit 0]
ndk	grohe_marx_3	hw_detk_k2	no	0.01	[exit 0]
ndk	grohe_marx_3	hw_detk_k3	yes	0.01	[exit 0]
ndk	grohe_marx_3	ghw_balsep_k1	no	0.01	[exit 0]
ndk	grohe_marx_3	ghw_balsep_k2	no	0.01	[exit 0]
ndk	grohe_marx_3	ghw_balsep_k3	yes	0.01	[exit 0]
ndk	grohe_marx_3	stats	?	0.01	[exit 0]
detk1	grohe_marx_3	hw_k3	yes	0.01	[exit 0]
htd	grohe_marx_3	tw	18	0.01	[exit 0]
htd	grohe_marx_3	ghw_ub	3	0.01	[exit 0]
htdleo	grohe_marx_3	hw	3	0.39	[exit 0]
htdleo	grohe_marx_3	ghw	3	0.37	[exit 0]
htdsmt	grohe_marx_3	hw	3	0.37	[exit 0]
frasmt	grohe_marx_3	fhw	2.0	3.06	[exit 0]
balancedgo	c_grid5	hw_detk_exact	3	0.05	[exit 0]
balancedgo	c_grid5	hw_detk_exact_pace	3	0.05	[exit 0]
logk	c_grid5	hw_exact	3	0.04	[exit 0]
balancedgo	c_grid5	ghw_global_k1	no	0.01	[exit 0]
balancedgo	c_grid5	ghw_global_k2	no	0.07	[exit 0]
balancedgo	c_grid5	ghw_global_k3	3	2.14	[exit 0]
ndk	c_grid5	hw_detk_k1	no	0.01	[exit 0]
ndk	c_grid5	hw_detk_k2	no	0.06	[exit 0]
ndk	c_grid5	hw_detk_k3	yes	0.01	[exit 0]
ndk	c_grid5	ghw_balsep_k1	no	0.01	[exit 0]
ndk	c_grid5	ghw_balsep_k2	no	0.03	[exit 0]
ndk	c_grid5	ghw_balsep_k3	yes	0.06	[exit 0]
ndk	c_grid5	stats	?	0.02	[exit 0]
detk1	c_grid5	hw_k3	yes	0.01	[exit 0]
htd	c_grid5	tw	5	0.01	[exit 0]
htd	c_grid5	ghw_ub	4	0.01	[exit 0]
htdleo	c_grid5	hw	3	0.77	[exit 0]
htdleo	c_grid5	ghw	3	0.64	[exit 0]
htdsmt	c_grid5	hw	3	0.74	[exit 0]
frasmt	c_grid5	fhw	3.0	1.55	[exit 0]
balancedgo	c_grid2d_10	hw_detk_exact	4	3.26	[exit 0]
balancedgo	c_grid2d_10	hw_detk_exact_pace	4	4.41	[exit 0]
logk	c_grid2d_10	hw_exact	4	1.11	[exit 0]
balancedgo	c_grid2d_10	ghw_global_k1	no	0.02	[exit 0]
balancedgo	c_grid2d_10	ghw_global_k2	no	6.60	[exit 0]
frasmt	adler	fhw	2.0	0.45	[exit 0]
frasmt	c_grid4	fhw	3.0	0.60	[exit 0]
balancedgo	c_grid2d_10	ghw_global_k3	timeout	240.03	[exit 124]
balancedgo	c_grid2d_10	ghw_global_k4	timeout	240.20	[exit 124]
ndk	c_grid2d_10	hw_detk_k1	no	0.01	[exit 0]
ndk	c_grid2d_10	hw_detk_k2	no	0.13	[exit 0]
ndk	c_grid2d_10	hw_detk_k3	no	38.99	[exit 0]
ndk	c_grid2d_10	hw_detk_k4	yes	0.01	[exit 0]
ndk	c_grid2d_10	ghw_balsep_k1	no	0.01	[exit 0]
ndk	c_grid2d_10	ghw_balsep_k2	no	0.10	[exit 0]
ndk	c_grid2d_10	ghw_balsep_k3	no	2.96	[exit 0]
ndk	c_grid2d_10	ghw_balsep_k4	timeout	240.01	[exit 124]
ndk	c_grid2d_10	ghw_balsep_k5	timeout	240.01	[exit 124]
ndk	c_grid2d_10	stats	?	0.08	[exit 0]
detk1	c_grid2d_10	hw_k3	no	9.38	[exit 0]
htd	c_grid2d_10	tw	13	0.01	[exit 0]
htd	c_grid2d_10	ghw_ub	6	0.01	[exit 0]
htdleo	c_grid2d_10	hw	4	29.20	[exit 0]
htdleo	c_grid2d_10	ghw	4	40.47	[exit 0]
htdsmt	c_grid2d_10	hw	4	29.64	[exit 0]
frasmt	c_grid2d_10	fhw	1	0.30	[exit 0]
frasmt	c_grid2d_10_neutral	fhw	4.0	52.58	[exit 0]
